Name,Surname,Sex,Nationality,Birthdate,Age,Email,Phone
Bartolomij,Random,Male,Slovakia,03-10-1992,25,brandom@hotmail,652-538-486
Jan,Lewandowski,Male,Polish,01-08-1992,25,jlewandowski@hotmail,327-254-528
Random,Random,Female,Slovakia,16-03-1993,25,random93@yahoo.com,682-348-553
Jan,Menel,Male,Polish,04-06-1993,25,menel93@o2.pl,548-716-115
Random,Kowalkski,Female,Polish,14-06-1993,25,ran_kow@gmail.com,228-120-170
Random,Novakowich,Female,Croatia,11-12-1992,25,novakowich92@wp.pl,646-844-735
Ken,Kenny,Male,English,01-08-1992,25,kkenny@hotmail,234-360-212
Random,Stefanovich,Male,Croatia,03-12-1992,25,ran_ste@wp.pl,818-136-312
Random,Menelevich,Male,Croatia,31-03-1993,25,menelevich93@hotmail,705-051-832
Random,Kovalowitch,Female,Croatia,02-07-1993,25,hctiwolavok@o2.pl,638-767-330
Random,Stefanovich,Female,Croatia,05-09-1992,25,ran_ste@wp.pl,284-334-860
Random,Novakowich,Male,Croatia,17-04-1993,25,rnovakowich@hotmail,723-103-666
Patricia,Johnson,Female,English,23-11-1992,25,pjohnson@o2.pl,283-381-420
Random,Levovich,Male,Croatia,28-10-1992,25,ran_lev@gmail.com,531-326-121
Random,Random,Female,Slovakia,11-10-1992,25,random92@gmail.com,288-107-374
Random,Nowak,Female,Polish,17-02-1993,25,nowak93@gmail.com,427-640-557
Patricia,Smith,Female,English,10-12-1992,25,htims@wp.pl,641-116-222
Piotr,Kwiatkowski,Male,Polish,08-10-1992,25,kwiatkowski@wp.pl,146-515-343
Random,Kwiatkowski,Female,Polish,05-10-1992,25,ikswoktaiwk@hotmail,613-712-628
Random,Norickich,Female,Croatia,17-05-1993,25,ran_nor@wp.pl,857-551-105
Joanne,Kenny,Female,English,16-04-1993,25,kenny93@wp.pl,311-878-027
Jan,Stefaniak,Male,Polish,22-12-1992,25,stefaniak92@yahoo.com,725-244-300
Random,Random,Female,Slovakia,11-05-1993,25,modnar@yahoo.com,807-402-852
Katie,Smith,Female,English,12-07-1993,25,smith93@wp.pl,107-700-277
Antonín,Random,Male,Slovakia,14-12-1992,25,modnar@hotmail,758-156-088
Random,Random,Female,Slovakia,23-08-1992,25,modnar@hotmail,206-475-246
Jindoich,Random,Male,Slovakia,16-09-1992,25,modnar@o2.pl,233-867-110
Random,Norickich,Female,Croatia,09-02-1993,25,hcikciron@gmail.com,411-301-685
Hugo,Nowak,Male,Polish,04-07-1993,25,hnowak@hotmail,430-844-227
Random,Lewandowski,Female,Polish,18-05-1993,25,ran_lew@o2.pl,386-745-086
Random,Stefanovich,Female,Croatia,06-10-1992,25,ran_ste@yahoo.com,225-763-408
Random,Dudich,Male,Croatia,07-09-1992,25,dudich92@yahoo.com,813-716-713
Hugo,Nowak,Male,Polish,06-11-1992,25,nowak92@o2.pl,542-570-725
John,Smith,Male,English,10-10-1992,25,smith@gmail.com,760-038-335
Random,Menelevich,Male,Croatia,16-02-1993,25,ran_men@gmail.com,667-423-612
Random,Kwiatkowski,Female,Polish,02-03-1993,25,ikswoktaiwk@hotmail,504-312-607
Hugo,Nowak,Male,Polish,29-07-1992,25,kawon@gmail.com,511-152-345
Random,Menel,Female,Polish,15-10-1992,25,lenem@gmail.com,562-472-131
Random,Menel,Female,Polish,29-05-1993,25,ran_men@o2.pl,471-000-310
Judy,Kenny,Female,English,20-12-1992,25,ynnek@o2.pl,680-833-123
Random,Kovalowitch,Female,Croatia,21-09-1992,25,kovalowitch@hotmail,161-465-441
Random,Stefanovich,Male,Croatia,28-09-1992,25,stefanovich92@gmail.com,842-303-672
Random,Menelevich,Female,Croatia,08-03-1993,25,menelevich@yahoo.com,777-711-363
Random,Stefanovich,Male,Croatia,28-02-1993,25,hcivonafets@o2.pl,150-826-372
Dusanek,Random,Male,Slovakia,04-07-1993,25,dus_ran@yahoo.com,628-648-588
Joanne,Kenny,Female,English,03-07-1993,25,kenny93@yahoo.com,347-574-812
Joanne,Connor,Female,English,29-06-1993,25,jconnor@yahoo.com,107-208-386
S³awomir,Normicki,Male,Polish,26-11-1992,25,sla_nor@gmail.com,252-750-763
Ken,Connor,Male,English,25-07-1992,25,connor92@gmail.com,200-660-527
Random,Stefanovich,Female,Croatia,04-12-1992,25,stefanovich@gmail.com,121-734-087
Random,Norickich,Female,Croatia,06-04-1993,25,hcikciron@o2.pl,470-135-841
Random,Norickich,Male,Croatia,06-02-1993,25,rnorickich@wp.pl,647-026-758
Blažej,Random,Male,Slovakia,04-09-1992,25,modnar@gmail.com,301-676-038
Random,Menel,Female,Polish,25-04-1993,25,rmenel@o2.pl,115-178-710
Random,Random,Female,Slovakia,24-02-1993,25,ran_ran@yahoo.com,760-622-688
Peter,Smith,Male,English,05-03-1993,25,htims@hotmail,403-217-546
Dusanek,Random,Male,Slovakia,14-06-1993,25,random@wp.pl,235-126-164
Random,Random,Female,Slovakia,07-08-1992,25,random@wp.pl,352-304-613
Random,Menelevich,Female,Croatia,20-10-1992,25,rmenelevich@yahoo.com,701-028-772
Random,Random,Female,Slovakia,24-11-1992,25,random@wp.pl,371-053-766
Random,Novakowich,Female,Croatia,18-03-1993,25,ran_nov@yahoo.com,661-436-535
Random,Levovich,Male,Croatia,05-10-1992,25,rlevovich@gmail.com,375-006-833
Random,Kowalkski,Female,Polish,26-01-1993,25,kowalkski93@wp.pl,731-210-562
Katie,Kenny,Female,English,14-08-1992,25,ynnek@hotmail,807-840-163
Drahomír,Random,Male,Slovakia,19-08-1992,25,dra_ran@yahoo.com,482-372-503
Random,Lewandowski,Female,Polish,07-03-1993,25,rlewandowski@gmail.com,648-105-356
Dusanek,Random,Male,Slovakia,08-03-1993,25,random@hotmail,601-174-622
Random,Stefanovich,Female,Croatia,13-01-1993,25,hcivonafets@yahoo.com,726-358-702
Random,Menel,Female,Polish,01-04-1993,25,ran_men@gmail.com,772-767-412
Katie,Johnson,Female,English,16-10-1992,25,kat_joh@yahoo.com,325-611-004
Klement,Random,Male,Slovakia,25-05-1993,25,krandom@yahoo.com,221-502-173
Judy,Connor,Female,English,27-11-1992,25,connor@yahoo.com,788-133-465
S³awomir,Nowak,Male,Polish,27-09-1992,25,snowak@o2.pl,380-507-687
Random,Stefaniak,Female,Polish,09-05-1993,25,stefaniak93@wp.pl,317-201-410
Random,Lewandowski,Female,Polish,04-03-1993,25,rlewandowski@gmail.com,460-312-700
Random,Dudich,Female,Croatia,11-10-1992,25,rdudich@gmail.com,323-186-030
Random,Menelevich,Male,Croatia,20-05-1993,25,hcivelenem@o2.pl,243-628-261
Hugo,Menel,Male,Polish,02-07-1993,25,hmenel@wp.pl,420-538-677
Random,Norickich,Male,Croatia,26-09-1992,25,hcikciron@yahoo.com,148-208-068
Random,Norickich,Female,Croatia,22-11-1992,25,ran_nor@yahoo.com,886-451-087
William,Connor,Male,English,20-04-1993,25,ronnoc@yahoo.com,283-727-146
Dobromir,Menel,Male,Polish,04-10-1992,25,menel92@hotmail,755-753-650
Random,Normicki,Female,Polish,25-10-1992,25,rnormicki@hotmail,724-737-403
Dusanek,Random,Male,Slovakia,10-08-1992,25,random@o2.pl,708-073-701
Patricia,Kenny,Female,English,18-12-1992,25,ynnek@wp.pl,173-717-311
Random,Novakowich,Male,Croatia,26-09-1992,25,rnovakowich@wp.pl,286-234-643
Judy,Connor,Female,English,23-01-1993,25,connor@gmail.com,456-867-832
Klement,Random,Male,Slovakia,25-12-1992,25,modnar@wp.pl,132-500-322
Random,Dudich,Female,Croatia,26-03-1993,25,dudich93@yahoo.com,534-061-415
Annie,Johnson,Female,English,26-04-1993,25,ajohnson@yahoo.com,525-554-305
Dusanek,Random,Male,Slovakia,09-08-1992,25,modnar@gmail.com,351-653-825
Mercy,Smith,Female,English,24-11-1992,25,mer_smi@o2.pl,257-672-258
Random,Dudich,Male,Croatia,13-01-1993,25,hcidud@gmail.com,801-557-038
Hugo,Nowak,Male,Polish,30-07-1992,25,nowak92@hotmail,826-284-335
Random,Stefaniak,Female,Polish,04-02-1993,25,stefaniak93@o2.pl,870-356-372
Random,Random,Female,Slovakia,21-12-1992,25,random@wp.pl,221-208-346
Random,Random,Female,Slovakia,12-12-1992,25,random92@hotmail,126-588-573
Dusanek,Random,Male,Slovakia,01-11-1992,25,random92@gmail.com,323-425-240
Katie,Connor,Female,English,10-03-1993,25,connor@gmail.com,557-170-006
